{
    "loss": 3.4311509132385254,
    "accuracy": 0.8362069129943848
}