{
    "loss": 1.6797747611999512,
    "accuracy": 0.8879310488700867
}